CUSTOMERID,ORDERID,ORDERDATE,PREVIOUS_ORDER_DATE,NEXT_ORDER_DATE
257,1636,2025-03-31,,2025-10-28
257,1132,2025-10-28,2025-03-31,2025-12-16
257,230,2025-12-16,2025-10-28,
237,1724,2025-04-23,,2025-07-25
237,1929,2025-07-25,2025-04-23,
629,929,2024-07-19,,2025-03-17
629,1528,2025-03-17,2024-07-19,
168,432,2025-03-22,,
573,900,2024-07-28,,2025-10-14
573,1806,2025-10-14,2024-07-28,
269,1784,2024-07-05,,
1141,1355,2025-09-25,,
1296,636,2024-05-01,,2025-06-27
1296,45,2025-06-27,2024-05-01,
1192,1435,2025-06-02,,
807,856,2024-05-01,,2024-07-31
807,846,2024-07-31,2024-05-01,
870,1247,2024-04-03,,2025-04-10
870,1223,2025-04-10,2024-04-03,
251,736,2025-06-25,,
1136,1574,2024-07-17,,2026-02-08
1136,1628,2026-02-08,2024-07-17,
274,1969,2025-09-06,,
1320,292,2025-03-11,,2025-07-09
1320,1389,2025-07-09,2025-03-11,
469,90,2025-10-27,,
88,1859,2025-04-12,,
303,58,2024-10-22,,
276,329,2026-03-14,,
368,264,2024-07-09,,
296,1069,2024-08-09,,
763,1192,2024-06-10,,
863,323,2024-12-24,,
592,531,2024-04-26,,
757,873,2024-06-02,,
178,1344,2025-10-24,,
197,1315,2025-04-17,,
871,356,2025-08-30,,2026-01-02
871,1357,2026-01-02,2025-08-30,
1437,1033,2026-02-09,,
1154,57,2024-10-22,,
189,1586,2024-06-30,,2024-08-23
189,1242,2024-08-23,2024-06-30,2026-01-09
189,417,2026-01-09,2024-08-23,
918,1365,2025-04-06,,2025-06-07
918,1216,2025-06-07,2025-04-06,
1183,1843,2024-10-13,,2025-02-13
1183,416,2025-02-13,2024-10-13,2025-06-21
1183,584,2025-06-21,2025-02-13,2025-08-19
1183,1067,2025-08-19,2025-06-21,
1420,1907,2025-04-12,,2026-02-18
1420,1277,2026-02-18,2025-04-12,
610,1027,2024-11-07,,
393,2029,2024-07-21,,2025-02-16
393,1428,2025-02-16,2024-07-21,2025-11-03
393,177,2025-11-03,2025-02-16,2025-12-27
393,1605,2025-12-27,2025-11-03,2026-02-20
393,1193,2026-02-20,2025-12-27,
1406,504,2024-04-19,,2025-10-25
1406,845,2025-10-25,2024-04-19,2025-11-02
1406,241,2025-11-02,2025-10-25,2026-01-14
1406,1032,2026-01-14,2025-11-02,
481,1582,2024-12-02,,
748,884,2024-09-16,,
1153,1559,2024-12-17,,2025-09-26
1153,1180,2025-09-26,2024-12-17,
1459,1350,2026-03-15,,
81,1453,2024-06-27,,2025-02-17
81,565,2025-02-17,2024-06-27,2025-07-30
81,2033,2025-07-30,2025-02-17,2025-12-10
81,1524,2025-12-10,2025-07-30,
327,583,2025-07-27,,
951,232,2025-02-12,,2026-03-24
951,1278,2026-03-24,2025-02-12,
306,1722,2025-06-17,,2025-09-16
306,268,2025-09-16,2025-06-17,
1047,1723,2024-05-22,,
991,1229,2024-05-06,,2025-01-02
991,466,2025-01-02,2024-05-06,
1476,2012,2024-08-11,,2025-10-10
1476,861,2025-10-10,2024-08-11,2026-01-16
1476,949,2026-01-16,2025-10-10,
1237,2,2024-07-07,,
1247,134,2024-09-04,,2026-03-24
1247,1251,2026-03-24,2024-09-04,
558,218,2025-05-21,,2025-11-29
558,30,2025-11-29,2025-05-21,
571,1235,2025-04-13,,
825,256,2024-08-31,,2024-12-17
825,1266,2024-12-17,2024-08-31,
217,1695,2025-04-19,,
349,54,2025-02-13,,2026-03-03
349,1788,2026-03-03,2025-02-13,
752,348,2024-11-21,,2026-02-24
752,1309,2026-02-24,2024-11-21,
1032,2011,2024-10-12,,2024-12-19
1032,580,2024-12-19,2024-10-12,
138,135,2024-06-11,,2026-01-31
138,985,2026-01-31,2024-06-11,
616,1495,2025-03-11,,2026-02-03
616,1515,2026-02-03,2025-03-11,
1238,1463,2024-07-10,,2024-11-10
1238,890,2024-11-10,2024-07-10,
214,1361,2024-11-07,,
826,943,2024-12-15,,2024-12-31
826,734,2024-12-31,2024-12-15,2025-11-19
826,1485,2025-11-19,2024-12-31,2026-03-12
826,280,2026-03-12,2025-11-19,
1046,334,2025-12-11,,2025-12-11
1046,1335,2025-12-11,2025-12-11,
1261,1708,2024-05-07,,2025-02-19
1261,1418,2025-02-19,2024-05-07,2025-04-25
1261,1854,2025-04-25,2025-02-19,2025-05-29
1261,592,2025-05-29,2025-04-25,
1013,1159,2024-11-26,,2024-12-18
1013,1660,2024-12-18,2024-11-26,2024-12-21
1013,1372,2024-12-21,2024-12-18,2025-02-10
1013,118,2025-02-10,2024-12-21,2025-03-24
1013,594,2025-03-24,2025-02-10,2026-01-22
1013,860,2026-01-22,2025-03-24,
1042,1228,2024-04-02,,2024-04-03
1042,55,2024-04-03,2024-04-02,2025-08-15
1042,966,2025-08-15,2024-04-03,
411,1280,2025-11-02,,
840,1334,2025-02-07,,
67,514,2024-09-12,,2025-03-25
67,1743,2025-03-25,2024-09-12,
228,342,2024-10-22,,2025-09-15
228,272,2025-09-15,2024-10-22,
929,1474,2025-10-04,,
710,674,2025-05-24,,2025-09-26
710,1687,2025-09-26,2025-05-24,
524,1875,2025-11-15,,
1270,1927,2024-06-01,,
1387,1356,2024-12-20,,2025-04-16
1387,473,2025-04-16,2024-12-20,2025-10-30
1387,1154,2025-10-30,2025-04-16,
201,1189,2024-10-09,,2025-02-24
201,448,2025-02-24,2024-10-09,
1186,703,2025-09-06,,
890,1585,2025-08-02,,
1272,1648,2025-02-13,,
731,986,2024-08-10,,
638,726,2024-05-01,,2024-06-16
638,88,2024-06-16,2024-05-01,2025-01-08
638,275,2025-01-08,2024-06-16,2025-12-27
638,763,2025-12-27,2025-01-08,
446,1901,2025-12-31,,
603,70,2024-10-17,,
712,1111,2025-03-20,,2025-10-28
712,972,2025-10-28,2025-03-20,
1333,712,2024-10-03,,
1436,122,2025-12-29,,
921,145,2026-01-26,,
401,1837,2025-09-13,,2025-11-20
401,162,2025-11-20,2025-09-13,2026-02-24
401,1840,2026-02-24,2025-11-20,
413,921,2025-05-28,,
1484,460,2024-06-27,,2025-02-10
1484,1213,2025-02-10,2024-06-27,
1133,1957,2024-07-10,,2025-11-10
1133,316,2025-11-10,2024-07-10,2026-02-13
1133,1821,2026-02-13,2025-11-10,
914,818,2026-02-26,,
1294,1889,2025-02-12,,
144,1711,2024-07-14,,
1229,836,2024-08-22,,
57,566,2025-02-15,,
495,597,2025-12-27,,
14,1291,2024-09-13,,2025-07-02
14,1220,2025-07-02,2024-09-13,2025-09-16
14,239,2025-09-16,2025-07-02,2025-11-27
14,1442,2025-11-27,2025-09-16,
633,795,2024-10-29,,2025-01-06
633,519,2025-01-06,2024-10-29,
498,1138,2024-07-20,,
1144,1265,2024-10-25,,2026-02-24
1144,714,2026-02-24,2024-10-25,
1344,1905,2025-08-12,,
810,501,2024-05-20,,2025-02-19
810,326,2025-02-19,2024-05-20,2025-03-27
810,635,2025-03-27,2025-02-19,2026-01-10
810,1531,2026-01-10,2025-03-27,
956,2020,2025-03-21,,2026-01-24
956,1710,2026-01-24,2025-03-21,
243,1634,2024-07-23,,2025-11-12
243,1455,2025-11-12,2024-07-23,
1106,1944,2025-03-18,,
1367,1566,2024-08-26,,
651,168,2024-08-18,,2025-01-09
651,411,2025-01-09,2024-08-18,
655,1692,2024-11-28,,2025-09-21
655,634,2025-09-21,2024-11-28,2026-03-20
655,865,2026-03-20,2025-09-21,
1257,1954,2024-09-03,,2024-09-29
1257,253,2024-09-29,2024-09-03,
765,982,2025-03-31,,2025-09-15
765,1963,2025-09-15,2025-03-31,
146,1507,2025-09-12,,2025-10-16
146,19,2025-10-16,2025-09-12,
487,271,2024-11-28,,2025-04-19
487,1041,2025-04-19,2024-11-28,
659,526,2024-10-21,,2025-09-10
659,461,2025-09-10,2024-10-21,
979,764,2025-05-19,,
595,1319,2024-07-13,,2024-08-20
595,1449,2024-08-20,2024-07-13,2026-02-24
595,857,2026-02-24,2024-08-20,
6,471,2024-06-07,,2024-07-01
6,988,2024-07-01,2024-06-07,2026-03-24
6,1215,2026-03-24,2024-07-01,
28,1421,2024-06-01,,2024-08-19
28,1844,2024-08-19,2024-06-01,2025-06-04
28,63,2025-06-04,2024-08-19,
463,1965,2025-06-09,,
467,374,2025-05-26,,
884,394,2026-01-16,,2026-03-08
884,51,2026-03-08,2026-01-16,
1090,1950,2025-03-19,,2025-04-30
1090,1732,2025-04-30,2025-03-19,2025-06-08
1090,928,2025-06-08,2025-04-30,
1264,1795,2024-08-30,,
1394,1704,2024-07-31,,2025-01-26
1394,1328,2025-01-26,2024-07-31,2026-01-20
1394,1752,2026-01-20,2025-01-26,
684,1982,2024-04-05,,2024-10-12
684,299,2024-10-12,2024-04-05,2025-10-20
684,243,2025-10-20,2024-10-12,2026-02-21
684,550,2026-02-21,2025-10-20,
933,486,2025-08-16,,
727,427,2024-08-18,,2025-06-24
727,502,2025-06-24,2024-08-18,2025-09-19
727,1866,2025-09-19,2025-06-24,
78,64,2025-11-15,,2026-03-16
78,333,2026-03-16,2025-11-15,
853,102,2025-01-25,,
576,868,2025-05-28,,
724,720,2024-07-17,,2025-08-30
724,677,2025-08-30,2024-07-17,
1231,771,2025-04-16,,
244,2001,2025-01-04,,2025-10-21
244,462,2025-10-21,2025-01-04,
615,1517,2025-08-11,,2025-12-25
615,439,2025-12-25,2025-08-11,2026-02-07
615,1896,2026-02-07,2025-12-25,
551,1472,2025-05-16,,
806,1497,2025-06-27,,
838,1749,2024-08-12,,2025-05-23
838,1841,2025-05-23,2024-08-12,
644,1106,2024-05-17,,
989,426,2025-04-22,,2025-12-22
989,198,2025-12-22,2025-04-22,
1083,390,2024-10-26,,2025-09-16
1083,1173,2025-09-16,2024-10-26,
1414,954,2024-08-04,,2025-02-17
1414,666,2025-02-17,2024-08-04,2025-11-24
1414,823,2025-11-24,2025-02-17,
640,1799,2024-12-04,,
1015,2026,2026-01-05,,
1036,571,2024-12-08,,2026-01-10
1036,1597,2026-01-10,2024-12-08,2026-01-18
1036,284,2026-01-18,2026-01-10,
1379,1116,2025-02-01,,
135,255,2024-12-21,,
725,1682,2024-12-17,,
492,1227,2025-03-19,,
1398,231,2025-04-22,,
1110,1098,2024-06-30,,2025-06-18
1110,1084,2025-06-18,2024-06-30,
906,1548,2024-11-20,,
797,1243,2024-05-08,,
64,515,2024-08-03,,
328,1820,2024-07-16,,2025-02-17
328,1137,2025-02-17,2024-07-16,2025-06-10
328,186,2025-06-10,2025-02-17,
384,146,2024-07-05,,
744,1110,2024-04-27,,2025-01-23
744,961,2025-01-23,2024-04-27,2026-03-01
744,1491,2026-03-01,2025-01-23,
539,1670,2025-07-17,,
850,1578,2024-05-21,,2024-05-22
850,1892,2024-05-22,2024-05-21,2024-08-04
850,941,2024-08-04,2024-05-22,
170,98,2026-01-04,,
1131,1897,2024-09-01,,2025-06-30
1131,383,2025-06-30,2024-09-01,
753,601,2025-05-14,,2025-10-30
753,1796,2025-10-30,2025-05-14,
722,474,2024-09-01,,2025-03-11
722,894,2025-03-11,2024-09-01,
852,2024,2024-12-29,,2026-01-01
852,1852,2026-01-01,2024-12-29,
1029,770,2026-01-28,,
708,902,2024-08-02,,2025-12-04
708,602,2025-12-04,2024-08-02,
1119,1997,2024-04-04,,2026-02-28
1119,26,2026-02-28,2024-04-04,
1017,517,2024-07-27,,2025-07-10
1017,1591,2025-07-10,2024-07-27,2025-09-05
1017,1441,2025-09-05,2025-07-10,
1395,434,2024-04-18,,2025-03-21
1395,2023,2025-03-21,2024-04-18,2025-07-18
1395,1290,2025-07-18,2025-03-21,
1005,204,2025-03-14,,2026-03-07
1005,622,2026-03-07,2025-03-14,
893,1720,2025-02-24,,2025-03-08
893,475,2025-03-08,2025-02-24,2025-05-09
893,1504,2025-05-09,2025-03-08,2025-09-05
893,1102,2025-09-05,2025-05-09,
1346,587,2024-04-08,,2024-04-21
1346,1544,2024-04-21,2024-04-08,2025-11-17
1346,1733,2025-11-17,2024-04-21,
1403,1443,2024-04-13,,2025-11-20
1403,1468,2025-11-20,2024-04-13,
331,376,2024-11-10,,
849,670,2024-05-07,,
500,1364,2025-11-20,,
1381,1962,2025-08-19,,2026-02-18
1381,1040,2026-02-18,2025-08-19,
832,2007,2024-04-06,,2025-12-07
832,1893,2025-12-07,2024-04-06,
209,401,2025-09-14,,
117,1959,2024-11-23,,2025-10-18
117,363,2025-10-18,2024-11-23,
1450,987,2024-07-20,,
538,194,2024-05-27,,2024-12-09
538,361,2024-12-09,2024-05-27,2025-02-13
538,1998,2025-02-13,2024-12-09,2025-04-28
538,1050,2025-04-28,2025-02-13,2025-06-17
538,1610,2025-06-17,2025-04-28,
1227,1827,2025-09-16,,
1184,716,2024-04-05,,2025-01-07
1184,1134,2025-01-07,2024-04-05,2025-05-11
1184,549,2025-05-11,2025-01-07,2026-02-08
1184,1571,2026-02-08,2025-05-11,
569,858,2024-08-14,,2025-04-19
569,1951,2025-04-19,2024-08-14,
920,479,2025-10-31,,2026-02-23
920,1815,2026-02-23,2025-10-31,
842,554,2024-05-07,,
502,1322,2025-11-20,,
522,1254,2024-07-08,,2026-02-26
522,1746,2026-02-26,2024-07-08,
769,1887,2026-03-09,,
1362,179,2025-03-28,,2025-05-24
1362,1406,2025-05-24,2025-03-28,2025-07-04
1362,140,2025-07-04,2025-05-24,
772,1373,2025-09-04,,2025-10-29
772,457,2025-10-29,2025-09-04,
963,1842,2024-11-18,,
958,1103,2025-07-15,,
1250,1085,2024-06-17,,2024-12-29
1250,1482,2024-12-29,2024-06-17,
557,1870,2025-06-20,,
536,925,2024-04-09,,2026-01-14
536,725,2026-01-14,2024-04-09,
339,1849,2024-08-04,,
419,1872,2025-06-14,,
831,627,2025-09-28,,
40,755,2024-05-09,,
326,1383,2024-07-02,,
442,1996,2026-02-25,,
1055,43,2024-10-17,,2025-04-14
1055,1906,2025-04-14,2024-10-17,
1098,1047,2025-05-09,,
1336,2014,2025-11-18,,
905,758,2025-05-04,,
1315,350,2025-02-13,,
1330,80,2024-11-27,,2025-03-19
1330,1019,2025-03-19,2024-11-27,2025-08-09
1330,1360,2025-08-09,2025-03-19,2026-03-11
1330,1873,2026-03-11,2025-08-09,
96,1049,2026-01-05,,2026-01-20
96,378,2026-01-20,2026-01-05,
192,1059,2024-09-06,,2025-09-05
192,1370,2025-09-05,2024-09-06,2026-03-19
192,1317,2026-03-19,2025-09-05,
1113,998,2024-10-13,,2025-04-06
1113,1945,2025-04-06,2024-10-13,
631,926,2024-06-15,,
1020,314,2024-05-27,,
1219,1999,2025-10-02,,
756,409,2024-12-19,,
680,1986,2024-03-25,,2026-03-16
680,1109,2026-03-16,2024-03-25,
194,1469,2025-05-08,,2025-07-22
194,1437,2025-07-22,2025-05-08,2026-02-07
194,1503,2026-02-07,2025-07-22,
338,1792,2026-03-22,,
1419,407,2025-03-07,,
533,598,2024-05-27,,
421,1240,2025-08-22,,2025-12-05
421,1162,2025-12-05,2025-08-22,
385,1327,2025-07-05,,
709,1458,2024-07-30,,2024-08-29
709,867,2024-08-29,2024-07-30,2024-10-30
709,443,2024-10-30,2024-08-29,
531,67,2024-05-06,,2024-05-09
531,1536,2024-05-09,2024-05-06,2024-05-14
531,172,2024-05-14,2024-05-09,2024-11-24
531,1817,2024-11-24,2024-05-14,
204,1748,2025-11-13,,
83,308,2025-06-04,,
1445,257,2025-05-08,,
332,1352,2024-11-04,,2025-09-07
332,278,2025-09-07,2024-11-04,
682,199,2025-09-08,,
844,382,2025-11-18,,2025-12-21
844,1876,2025-12-21,2025-11-18,2026-02-19
844,203,2026-02-19,2025-12-21,
923,318,2025-04-11,,
611,1395,2025-06-26,,2025-10-11
611,252,2025-10-11,2025-06-26,2025-12-25
611,143,2025-12-25,2025-10-11,
1483,1219,2024-11-04,,2025-09-10
1483,1055,2025-09-10,2024-11-04,2026-01-03
1483,1478,2026-01-03,2025-09-10,
567,1029,2025-02-08,,
643,893,2024-11-14,,
48,375,2024-12-04,,
80,124,2024-10-18,,
1076,1802,2024-04-10,,2025-05-14
1076,370,2025-05-14,2024-04-10,
937,1312,2024-08-10,,
568,751,2024-11-09,,
792,38,2025-10-08,,2026-01-27
792,245,2026-01-27,2025-10-08,2026-02-06
792,680,2026-02-06,2026-01-27,
55,586,2024-05-21,,2024-09-12
55,817,2024-09-12,2024-05-21,
562,1683,2025-01-21,,2025-05-15
562,1791,2025-05-15,2025-01-21,
416,41,2025-09-30,,
952,1339,2024-04-29,,2024-06-16
952,1246,2024-06-16,2024-04-29,2025-01-08
952,1461,2025-01-08,2024-06-16,2026-01-16
952,1967,2026-01-16,2025-01-08,
122,1654,2025-06-28,,
281,192,2025-05-16,,2026-03-07
281,1168,2026-03-07,2025-05-16,
1408,48,2025-05-11,,2025-11-27
1408,1188,2025-11-27,2025-05-11,
919,1689,2025-04-23,,
711,139,2024-11-21,,
1396,1546,2025-04-05,,
1155,136,2025-02-09,,2025-02-16
1155,672,2025-02-16,2025-02-09,
813,424,2024-05-10,,2025-01-14
813,482,2025-01-14,2024-05-10,
523,1745,2024-06-07,,
1240,1411,2024-07-08,,
628,1498,2025-02-02,,
90,866,2025-06-05,,
167,1264,2024-09-23,,2026-03-03
167,1858,2026-03-03,2024-09-23,
601,1721,2024-09-14,,2025-01-17
601,1675,2025-01-17,2024-09-14,2025-10-01
601,641,2025-10-01,2025-01-17,2025-11-17
601,1218,2025-11-17,2025-10-01,
1190,332,2024-07-19,,
329,289,2025-10-25,,
376,273,2024-04-30,,2025-05-04
376,1222,2025-05-04,2024-04-30,
1477,1980,2024-08-15,,2025-07-14
1477,2009,2025-07-14,2024-08-15,
85,29,2024-05-28,,2024-06-27
85,1181,2024-06-27,2024-05-28,
548,1836,2025-01-21,,2025-03-31
548,1678,2025-03-31,2025-01-21,
453,306,2024-11-01,,
215,749,2024-11-26,,
196,536,2024-07-03,,2025-09-11
196,1002,2025-09-11,2024-07-03,2025-10-08
196,197,2025-10-08,2025-09-11,
145,1629,2024-04-29,,2025-05-28
145,1438,2025-05-28,2024-04-29,
563,851,2024-11-26,,2025-02-09
563,1331,2025-02-09,2024-11-26,
1275,1204,2026-01-15,,2026-03-02
1275,1488,2026-03-02,2026-01-15,
570,236,2025-01-27,,
939,130,2025-11-10,,
632,392,2025-01-11,,2026-03-03
632,266,2026-03-03,2025-01-11,
346,1399,2024-05-07,,2024-08-08
346,1533,2024-08-08,2024-05-07,
990,740,2024-08-04,,2025-07-16
990,1846,2025-07-16,2024-08-04,
877,746,2024-07-17,,
804,1273,2024-11-30,,2025-10-28
804,1046,2025-10-28,2024-11-30,
264,1217,2024-07-14,,
220,1560,2024-04-15,,2024-07-23
220,1646,2024-07-23,2024-04-15,2025-12-02
220,665,2025-12-02,2024-07-23,
445,265,2024-12-27,,
575,1410,2024-09-12,,2025-11-23
575,831,2025-11-23,2024-09-12,2026-01-04
575,1456,2026-01-04,2025-11-23,
1093,184,2025-07-04,,
470,61,2024-06-11,,2025-07-25
470,341,2025-07-25,2024-06-11,
54,396,2024-08-07,,2025-11-26
54,497,2025-11-26,2024-08-07,
1118,1295,2026-02-01,,
1287,1034,2024-08-04,,2024-11-22
1287,779,2024-11-22,2024-08-04,2025-09-06
1287,463,2025-09-06,2024-11-22,
120,840,2024-05-08,,2025-10-20
120,1888,2025-10-20,2024-05-08,
535,1300,2024-12-30,,2025-11-04
535,1107,2025-11-04,2024-12-30,2025-12-12
535,1960,2025-12-12,2025-11-04,
967,1060,2025-08-15,,
1335,1101,2024-08-28,,
953,904,2024-12-20,,2025-04-15
953,1185,2025-04-15,2024-12-20,2025-08-27
953,1706,2025-08-27,2025-04-15,
1174,901,2024-04-06,,2025-01-16
1174,507,2025-01-16,2024-04-06,2025-02-26
1174,1179,2025-02-26,2025-01-16,
290,935,2024-06-02,,2024-10-18
290,1554,2024-10-18,2024-06-02,2025-02-28
290,440,2025-02-28,2024-10-18,
697,400,2026-02-03,,
1111,1867,2024-05-21,,2024-06-04
1111,190,2024-06-04,2024-05-21,2026-03-18
1111,1511,2026-03-18,2024-06-04,
366,1160,2025-06-10,,
915,1593,2024-10-20,,
1368,1158,2024-07-02,,2024-09-20
1368,1529,2024-09-20,2024-07-02,2025-01-16
1368,22,2025-01-16,2024-09-20,2025-05-12
1368,381,2025-05-12,2025-01-16,
1281,1771,2024-05-02,,
661,922,2026-03-11,,
1215,1924,2024-04-23,,
428,1492,2025-03-23,,
89,624,2025-05-28,,2025-09-19
89,1943,2025-09-19,2025-05-28,
92,1935,2024-03-28,,2024-09-26
92,1221,2024-09-26,2024-03-28,
735,2032,2024-09-23,,
1210,410,2024-06-22,,2025-05-02
1210,1311,2025-05-02,2024-06-22,
679,62,2025-09-19,,
381,1979,2024-08-25,,
583,469,2025-06-24,,
1318,1772,2024-06-27,,2024-08-11
1318,311,2024-08-11,2024-06-27,2025-06-19
1318,608,2025-06-19,2024-08-11,2025-11-21
1318,1129,2025-11-21,2025-06-19,
226,164,2025-01-29,,2025-12-25
226,1871,2025-12-25,2025-01-29,
1300,328,2024-05-25,,2024-12-05
1300,1828,2024-12-05,2024-05-25,2026-03-22
1300,78,2026-03-22,2024-12-05,
565,1590,2024-07-18,,2024-10-31
565,789,2024-10-31,2024-07-18,2025-07-18
565,2013,2025-07-18,2024-10-31,2025-10-01
565,1972,2025-10-01,2025-07-18,2025-12-21
565,214,2025-12-21,2025-10-01,
938,149,2024-05-28,,2024-07-28
938,1212,2024-07-28,2024-05-28,2025-04-06
938,1624,2025-04-06,2024-07-28,
767,1677,2025-04-09,,2025-04-16
767,1115,2025-04-16,2025-04-09,
464,1113,2024-12-26,,2025-09-04
464,259,2025-09-04,2024-12-26,
927,702,2024-05-02,,2024-09-17
927,433,2024-09-17,2024-05-02,2025-04-29
927,104,2025-04-29,2024-09-17,2025-09-07
927,1880,2025-09-07,2025-04-29,
1374,719,2024-08-21,,2025-01-17
1374,1699,2025-01-17,2024-08-21,
1092,612,2024-08-04,,
1326,631,2024-09-03,,2025-09-17
1326,1781,2025-09-17,2024-09-03,2026-01-04
1326,296,2026-01-04,2025-09-17,
1232,826,2025-03-13,,2025-08-31
1232,1673,2025-08-31,2025-03-13,
1052,1936,2025-02-11,,
972,1146,2024-04-25,,
123,20,2025-05-28,,
1156,1198,2026-02-22,,
398,643,2025-09-02,,
305,286,2024-06-28,,2024-07-14
305,1321,2024-07-14,2024-06-28,2026-01-16
305,1592,2026-01-16,2024-07-14,
38,171,2024-08-19,,2025-08-08
38,891,2025-08-08,2024-08-19,
975,419,2024-04-02,,
1126,556,2024-06-22,,2024-09-30
1126,1024,2024-09-30,2024-06-22,2026-02-27
1126,1919,2026-02-27,2024-09-30,
985,1894,2024-11-03,,2026-03-19
985,1298,2026-03-19,2024-11-03,
1447,1803,2024-07-23,,
667,1404,2024-08-14,,2024-09-18
667,804,2024-09-18,2024-08-14,
425,1737,2024-05-13,,2024-07-06
425,458,2024-07-06,2024-05-13,2025-06-10
425,835,2025-06-10,2024-07-06,
1345,1823,2024-11-02,,2025-11-13
1345,1632,2025-11-13,2024-11-02,
608,1764,2024-04-15,,2025-02-12
608,959,2025-02-12,2024-04-15,
1073,174,2024-07-30,,2024-10-16
1073,537,2024-10-16,2024-07-30,2025-01-17
1073,1856,2025-01-17,2024-10-16,2026-01-13
1073,1635,2026-01-13,2025-01-17,
461,1577,2024-04-27,,2025-05-13
461,933,2025-05-13,2024-04-27,2025-05-21
461,1371,2025-05-21,2025-05-13,
137,533,2025-02-06,,2025-12-30
137,1195,2025-12-30,2025-02-06,
162,1776,2024-09-16,,
1279,645,2025-07-21,,
1096,1579,2024-04-23,,2024-06-19
1096,1205,2024-06-19,2024-04-23,2024-08-16
1096,1095,2024-08-16,2024-06-19,
1077,567,2024-05-09,,2024-10-28
1077,1447,2024-10-28,2024-05-09,2025-07-11
1077,1493,2025-07-11,2024-10-28,2025-09-23
1077,1714,2025-09-23,2025-07-11,2025-10-08
1077,1523,2025-10-08,2025-09-23,2025-12-21
1077,1432,2025-12-21,2025-10-08,
902,362,2025-01-02,,
808,1594,2024-09-16,,2025-01-20
808,1938,2025-01-20,2024-09-16,2025-11-22
808,1921,2025-11-22,2025-01-20,2025-12-27
808,1988,2025-12-27,2025-11-22,
723,173,2024-10-04,,2025-03-20
723,344,2025-03-20,2024-10-04,2025-04-16
723,131,2025-04-16,2025-03-20,
106,364,2025-03-15,,2025-05-10
106,648,2025-05-10,2025-03-15,2025-09-18
106,572,2025-09-18,2025-05-10,
653,1911,2025-02-10,,
689,1114,2025-12-07,,
830,1151,2024-12-15,,2025-03-15
830,1306,2025-03-15,2024-12-15,
1009,815,2024-04-03,,
202,730,2024-06-13,,2025-05-10
202,1830,2025-05-10,2024-06-13,
1074,1293,2024-04-06,,
1125,91,2025-01-28,,2025-07-11
1125,49,2025-07-11,2025-01-28,
600,72,2025-03-25,,2025-06-03
600,327,2025-06-03,2025-03-25,2025-11-26
600,237,2025-11-26,2025-06-03,
819,1769,2024-07-10,,2025-05-23
819,1990,2025-05-23,2024-07-10,2026-01-25
819,1639,2026-01-25,2025-05-23,
270,2030,2024-08-28,,
266,33,2025-05-24,,
596,1044,2025-03-14,,2026-01-24
596,844,2026-01-24,2025-03-14,
1258,150,2025-03-07,,
245,691,2024-12-17,,
1444,1481,2025-07-25,,
25,1649,2024-08-10,,2025-01-19
25,611,2025-01-19,2024-08-10,
1043,768,2025-06-19,,
166,1835,2026-01-31,,
1056,1457,2025-05-03,,2025-07-16
1056,924,2025-07-16,2025-05-03,
1038,1391,2025-03-03,,
371,1026,2024-10-06,,
982,700,2025-02-19,,2026-01-06
982,1793,2026-01-06,2025-02-19,
282,1345,2025-12-31,,
630,114,2025-06-28,,
1088,739,2024-05-18,,2025-01-02
1088,251,2025-01-02,2024-05-18,2025-10-16
1088,732,2025-10-16,2025-01-02,
397,802,2024-10-27,,2025-07-28
397,144,2025-07-28,2024-10-27,
803,1595,2025-05-25,,
1100,973,2025-03-14,,
33,438,2024-07-06,,2026-02-01
33,1464,2026-02-01,2024-07-06,2026-03-20
33,532,2026-03-20,2026-02-01,
516,912,2025-12-14,,
940,133,2025-05-10,,2025-07-28
940,1638,2025-07-28,2025-05-10,2025-11-02
940,760,2025-11-02,2025-07-28,
110,24,2024-11-25,,
954,1351,2025-09-14,,
885,709,2024-07-05,,2024-12-15
885,875,2024-12-15,2024-07-05,
780,1065,2024-05-06,,2025-07-04
780,181,2025-07-04,2024-05-06,
976,1063,2024-05-12,,2024-11-10
976,1700,2024-11-10,2024-05-12,2025-02-21
976,1688,2025-02-21,2024-11-10,2025-08-27
976,813,2025-08-27,2025-02-21,2025-11-20
976,1153,2025-11-20,2025-08-27,
35,511,2024-05-09,,
1082,1231,2025-04-28,,2025-06-10
1082,1484,2025-06-10,2025-04-28,2025-11-09
1082,1757,2025-11-09,2025-06-10,
741,1657,2024-07-29,,2024-08-10
741,724,2024-08-10,2024-07-29,2024-10-08
741,28,2024-10-08,2024-08-10,2025-03-28
741,662,2025-03-28,2024-10-08,2025-03-30
741,1669,2025-03-30,2025-03-28,
1078,1450,2025-09-25,,
751,1665,2024-06-19,,2025-11-10
751,1430,2025-11-10,2024-06-19,2025-11-26
751,1576,2025-11-26,2025-11-10,
44,1112,2026-02-14,,
880,303,2024-06-17,,
703,1861,2024-09-18,,
1308,1011,2025-09-12,,
1480,1397,2025-03-29,,
1114,822,2024-09-16,,2025-01-26
1114,806,2025-01-26,2024-09-16,2025-04-17
1114,1543,2025-04-17,2025-01-26,
1223,305,2024-08-24,,
1070,969,2024-12-28,,2025-03-22
1070,1891,2025-03-22,2024-12-28,2025-07-04
1070,1728,2025-07-04,2025-03-22,2025-09-22
1070,1644,2025-09-22,2025-07-04,
1179,717,2024-08-01,,
696,310,2025-08-07,,2026-01-08
696,854,2026-01-08,2025-08-07,
542,1255,2025-04-19,,2025-08-06
542,170,2025-08-06,2025-04-19,
485,1773,2025-10-25,,2026-01-07
485,1881,2026-01-07,2025-10-25,
625,707,2025-01-12,,
407,1855,2024-04-30,,2025-02-26
407,527,2025-02-26,2024-04-30,
1061,13,2025-02-02,,2025-02-12
1061,1261,2025-02-12,2025-02-02,
174,1367,2024-08-30,,2025-10-03
174,112,2025-10-03,2024-08-30,
1449,1014,2024-11-15,,2025-01-18
1449,1139,2025-01-18,2024-11-15,2025-01-27
1449,1342,2025-01-27,2025-01-18,
560,1541,2024-04-30,,2025-08-18
560,834,2025-08-18,2024-04-30,
504,523,2024-10-29,,
1418,1176,2024-07-14,,
1072,89,2024-08-22,,2025-10-17
1072,1703,2025-10-17,2024-08-22,
587,593,2024-11-26,,2026-02-16
587,876,2026-02-16,2024-11-26,
582,77,2025-06-30,,
184,669,2025-02-19,,2025-02-24
184,958,2025-02-24,2025-02-19,
1019,1045,2025-07-23,,2025-12-10
1019,754,2025-12-10,2025-07-23,
154,1826,2025-08-21,,
1143,297,2025-08-10,,2025-08-27
1143,1056,2025-08-27,2025-08-10,2025-10-09
1143,1940,2025-10-09,2025-08-27,
475,1211,2024-10-15,,
322,588,2024-07-08,,2024-11-22
322,915,2024-11-22,2024-07-08,2025-07-21
322,1818,2025-07-21,2024-11-22,
1474,1343,2025-03-20,,
699,1307,2025-05-01,,2025-10-10
699,660,2025-10-10,2025-05-01,
512,379,2025-06-11,,2025-09-25
512,506,2025-09-25,2025-06-11,
312,495,2025-01-14,,2025-05-02
312,441,2025-05-02,2025-01-14,
172,1117,2024-08-29,,2025-01-05
172,812,2025-01-05,2024-08-29,2025-07-18
172,628,2025-07-18,2025-01-05,
160,695,2024-07-07,,2024-09-15
160,647,2024-09-15,2024-07-07,2025-06-01
160,2022,2025-06-01,2024-09-15,
670,880,2024-07-18,,2025-09-21
670,221,2025-09-21,2024-07-18,
1030,250,2025-05-12,,
24,727,2025-04-27,,
324,599,2024-08-03,,
1085,1863,2024-10-29,,2025-08-15
1085,386,2025-08-15,2024-10-29,
1311,455,2025-01-06,,
234,616,2024-08-10,,2024-11-27
234,807,2024-11-27,2024-08-10,
142,722,2024-05-31,,2025-09-23
142,1659,2025-09-23,2024-05-31,
704,1208,2024-04-04,,2024-12-26
704,428,2024-12-26,2024-04-04,2025-01-17
704,659,2025-01-17,2024-12-26,2025-03-24
704,1519,2025-03-24,2025-01-17,2025-11-13
704,1200,2025-11-13,2025-03-24,2026-03-22
704,534,2026-03-22,2025-11-13,
53,1202,2025-07-06,,2025-10-29
53,1420,2025-10-29,2025-07-06,
1025,1829,2025-11-04,,2026-01-17
1025,1036,2026-01-17,2025-11-04,
966,816,2024-12-06,,2025-10-27
966,1645,2025-10-27,2024-12-06,
768,1831,2025-04-23,,2025-08-07
768,467,2025-08-07,2025-04-23,
1292,637,2024-08-26,,2025-01-12
1292,1753,2025-01-12,2024-08-26,2025-08-19
1292,238,2025-08-19,2025-01-12,2025-09-02
1292,165,2025-09-02,2025-08-19,2026-03-23
1292,1599,2026-03-23,2025-09-02,
1416,1379,2024-06-08,,2024-10-23
1416,391,2024-10-23,2024-06-08,
1324,2006,2025-02-08,,2025-04-05
1324,1513,2025-04-05,2025-02-08,2025-09-26
1324,1423,2025-09-26,2025-04-05,
1007,1530,2025-11-27,,
789,1012,2024-07-12,,2025-03-24
789,399,2025-03-24,2024-07-12,
1313,1479,2025-12-26,,
1189,1949,2025-06-26,,
983,499,2025-10-01,,
60,1809,2025-11-17,,
675,1549,2025-07-27,,
1158,1882,2025-10-08,,2026-01-20
1158,1244,2026-01-20,2025-10-08,
422,518,2024-12-03,,2025-03-11
422,1253,2025-03-11,2024-12-03,2025-09-22
422,541,2025-09-22,2025-03-11,2026-01-28
422,642,2026-01-28,2025-09-22,
348,224,2025-02-01,,2025-04-20
348,1186,2025-04-20,2025-02-01,2025-12-06
348,307,2025-12-06,2025-04-20,2026-02-12
348,17,2026-02-12,2025-12-06,
1297,1719,2024-10-10,,
308,589,2024-12-25,,2025-11-19
308,1362,2025-11-19,2024-12-25,
483,188,2024-05-19,,2025-03-26
483,1440,2025-03-26,2024-05-19,
912,776,2024-10-12,,2026-03-05
912,1933,2026-03-05,2024-10-12,
236,775,2024-08-16,,2025-12-08
236,1030,2025-12-08,2024-08-16,
148,1230,2024-08-27,,2024-11-18
148,464,2024-11-18,2024-08-27,2025-07-15
148,1006,2025-07-15,2024-11-18,2025-11-09
148,1865,2025-11-09,2025-07-15,
1342,1475,2025-11-18,,
1451,1630,2024-12-15,,2025-04-02
1451,1354,2025-04-02,2024-12-15,2025-06-16
1451,869,2025-06-16,2025-04-02,
798,1833,2024-10-01,,
597,675,2024-10-07,,
427,1004,2025-01-22,,2025-08-16
427,1119,2025-08-16,2025-01-22,
424,522,2026-03-23,,
1191,3,2026-01-23,,
636,1918,2025-04-06,,2025-07-24
636,52,2025-07-24,2025-04-06,
795,444,2024-05-12,,
1241,349,2025-07-14,,2026-02-02
1241,539,2026-02-02,2025-07-14,
857,101,2024-12-03,,
589,1568,2025-01-12,,2026-02-11
589,1596,2026-02-11,2025-01-12,
180,999,2024-09-21,,2024-09-26
180,1584,2024-09-26,2024-09-21,2024-11-26
180,260,2024-11-26,2024-09-26,2025-06-17
180,109,2025-06-17,2024-11-26,2025-10-04
180,1150,2025-10-04,2025-06-17,
755,870,2025-10-03,,2026-02-08
755,1775,2026-02-08,2025-10-03,
361,1076,2024-09-01,,
999,1401,2025-02-16,,2026-02-27
999,555,2026-02-27,2025-02-16,
43,913,2025-06-23,,2025-12-11
43,493,2025-12-11,2025-06-23,2026-01-20
43,152,2026-01-20,2025-12-11,
1121,1613,2024-12-21,,2025-03-06
1121,683,2025-03-06,2024-12-21,
879,995,2024-08-30,,
702,664,2024-12-01,,2025-09-14
702,1838,2025-09-14,2024-12-01,
262,1062,2025-05-08,,
335,777,2024-05-05,,2026-02-06
335,639,2026-02-06,2024-05-05,
363,1271,2024-06-14,,
503,1042,2024-03-31,,2024-07-20
503,1939,2024-07-20,2024-03-31,2025-02-06
503,295,2025-02-06,2024-07-20,2025-12-23
503,1973,2025-12-23,2025-02-06,
693,1666,2024-11-27,,
1260,1259,2024-08-11,,2025-06-26
1260,413,2025-06-26,2024-08-11,
1289,1956,2025-09-14,,
468,965,2024-06-05,,2024-06-11
468,1850,2024-06-11,2024-06-05,2024-06-21
468,946,2024-06-21,2024-06-11,2026-03-11
468,1709,2026-03-11,2024-06-21,
175,781,2024-07-10,,2024-10-08
175,581,2024-10-08,2024-07-10,2024-10-22
175,1058,2024-10-22,2024-10-08,2025-01-05
175,465,2025-01-05,2024-10-22,
255,1587,2025-08-17,,
922,244,2024-10-18,,
925,1436,2025-02-20,,2025-03-30
925,106,2025-03-30,2025-02-20,
1252,1394,2025-12-27,,
133,756,2024-04-02,,2024-08-15
133,1727,2024-08-15,2024-04-02,2026-02-14
133,261,2026-02-14,2024-08-15,
1355,1797,2025-11-16,,
1010,23,2024-07-23,,2025-02-20
1010,1744,2025-02-20,2024-07-23,2025-06-11
1010,1651,2025-06-11,2025-02-20,2025-08-31
1010,44,2025-08-31,2025-06-11,2025-09-04
1010,1214,2025-09-04,2025-08-31,
205,713,2025-09-15,,
1309,324,2024-07-21,,
1400,298,2024-05-01,,2025-12-22
1400,66,2025-12-22,2024-05-01,
1358,1128,2024-08-17,,2024-10-30
1358,1446,2024-10-30,2024-08-17,
1298,1025,2024-12-19,,2025-08-26
1298,279,2025-08-26,2024-12-19,
888,1097,2025-01-04,,
646,782,2025-02-05,,2025-11-11
646,767,2025-11-11,2025-02-05,
714,408,2025-07-28,,
627,828,2025-01-29,,2025-04-27
627,1691,2025-04-27,2025-01-29,
903,1301,2025-12-11,,2026-02-21
903,398,2026-02-21,2025-12-11,
1147,1914,2024-04-04,,2025-01-20
1147,169,2025-01-20,2024-04-04,
1446,1738,2024-06-26,,2024-07-18
1446,1676,2024-07-18,2024-06-26,2024-08-06
1446,1149,2024-08-06,2024-07-18,2025-06-17
1446,1984,2025-06-17,2024-08-06,
280,544,2025-06-12,,
1472,879,2025-07-09,,
1337,794,2025-07-01,,2026-01-27
1337,429,2026-01-27,2025-07-01,
206,154,2024-07-11,,2025-09-08
206,12,2025-09-08,2024-07-11,
1397,1785,2024-06-11,,
304,1454,2025-07-12,,
1053,32,2025-05-06,,2025-11-17
1053,449,2025-11-17,2025-05-06,
908,1206,2024-11-01,,
588,962,2024-09-30,,2025-03-06
588,1184,2025-03-06,2024-09-30,2025-05-11
588,951,2025-05-11,2025-03-06,
1468,1460,2024-10-11,,2025-01-13
1468,1408,2025-01-13,2024-10-11,2025-05-09
1468,1416,2025-05-09,2025-01-13,2025-08-12
1468,2008,2025-08-12,2025-05-09,
1044,1532,2024-12-27,,2025-03-14
1044,229,2025-03-14,2024-12-27,2025-07-03
1044,489,2025-07-03,2025-03-14,
1102,1756,2025-02-13,,2025-09-12
1102,1393,2025-09-12,2025-02-13,2025-10-07
1102,952,2025-10-07,2025-09-12,
856,1612,2025-05-03,,
473,2021,2025-11-03,,
518,852,2025-04-26,,
775,304,2024-08-01,,2025-08-13
775,1496,2025-08-13,2024-08-01,2025-08-17
775,1163,2025-08-17,2025-08-13,
77,668,2024-04-16,,
1441,187,2024-08-31,,
169,1712,2024-11-02,,2025-10-27
169,1755,2025-10-27,2024-11-02,2025-11-14
169,919,2025-11-14,2025-10-27,
489,529,2024-06-24,,2024-08-28
489,1444,2024-08-28,2024-06-24,2024-10-12
489,721,2024-10-12,2024-08-28,2026-02-05
489,1715,2026-02-05,2024-10-12,
774,496,2024-03-27,,2024-10-03
774,1890,2024-10-03,2024-03-27,
1341,811,2024-10-20,,2024-12-18
1341,975,2024-12-18,2024-10-20,2025-06-11
1341,980,2025-06-11,2024-12-18,2025-09-27
1341,790,2025-09-27,2025-06-11,
1199,520,2024-04-14,,2025-01-02
1199,997,2025-01-02,2024-04-14,2025-01-31
1199,1608,2025-01-31,2025-01-02,2025-05-05
1199,1439,2025-05-05,2025-01-31,2026-01-13
1199,384,2026-01-13,2025-05-05,
383,368,2024-08-21,,2024-09-21
383,1637,2024-09-21,2024-08-21,2024-11-30
383,73,2024-11-30,2024-09-21,2026-01-19
383,488,2026-01-19,2024-11-30,
1026,1001,2024-04-25,,2025-03-09
1026,335,2025-03-09,2024-04-25,2025-09-25
1026,932,2025-09-25,2025-03-09,
782,1622,2024-05-15,,
1054,979,2026-03-10,,
1103,1318,2025-04-16,,
340,166,2024-07-21,,
964,1140,2024-09-28,,
887,1332,2024-07-13,,2024-08-06
887,1557,2024-08-06,2024-07-13,
828,1054,2024-07-19,,2025-09-02
828,1847,2025-09-02,2024-07-19,2025-10-01
828,270,2025-10-01,2025-09-02,2025-11-21
828,538,2025-11-21,2025-10-01,2026-03-23
828,373,2026-03-23,2025-11-21,
474,385,2025-01-01,,2025-03-27
474,1086,2025-03-27,2025-01-01,
72,1779,2024-04-20,,2025-07-31
72,1739,2025-07-31,2024-04-20,2026-01-30
72,1403,2026-01-30,2025-07-31,
372,1953,2024-12-20,,
1071,955,2025-07-06,,
1,1825,2024-07-16,,2025-03-14
1,1620,2025-03-14,2024-07-16,2025-11-18
1,1572,2025-11-18,2025-03-14,
590,430,2024-09-14,,
1428,1338,2026-02-06,,
1314,1196,2025-10-24,,2025-11-14
1314,1236,2025-11-14,2025-10-24,
1421,105,2024-05-12,,2025-08-04
1421,92,2025-08-04,2024-05-12,
665,810,2024-09-13,,
141,769,2024-09-10,,2025-03-10
141,1105,2025-03-10,2024-09-10,
1031,99,2025-01-11,,
678,658,2025-07-04,,2025-09-19
678,548,2025-09-19,2025-07-04,
1001,1902,2024-10-13,,
578,690,2024-09-23,,2025-11-28
578,948,2025-11-28,2024-09-23,
11,557,2024-06-14,,2024-08-02
11,1225,2024-08-02,2024-06-14,
403,706,2024-06-19,,
247,801,2024-10-02,,2024-12-25
247,388,2024-12-25,2024-10-02,
391,34,2024-06-29,,
593,183,2024-05-11,,2024-07-15
593,175,2024-07-15,2024-05-11,2025-03-05
593,1414,2025-03-05,2024-07-15,2026-03-05
593,1761,2026-03-05,2025-03-05,
834,215,2026-02-25,,2026-02-27
834,71,2026-02-27,2026-02-25,
429,79,2024-04-09,,2024-11-30
429,498,2024-11-30,2024-04-09,2024-12-04
429,220,2024-12-04,2024-11-30,
594,829,2024-05-20,,
1172,1502,2025-01-23,,
213,125,2025-02-26,,
130,936,2025-12-18,,
1455,623,2024-09-15,,2025-01-02
1455,838,2025-01-02,2024-09-15,
182,343,2025-09-15,,
645,1562,2024-04-07,,2025-01-27
645,1336,2025-01-27,2024-04-07,
1175,1978,2024-04-29,,
648,60,2024-09-25,,2025-12-10
648,1934,2025-12-10,2024-09-25,
1282,16,2026-03-06,,
1371,1284,2025-09-27,,2025-12-19
1371,1167,2025-12-19,2025-09-27,
1160,704,2025-06-26,,2025-10-20
1160,585,2025-10-20,2025-06-26,
285,1731,2025-03-16,,
965,1600,2024-10-04,,
59,1402,2025-12-20,,2026-01-19
59,694,2026-01-19,2025-12-20,
932,888,2025-09-09,,2025-12-21
932,10,2025-12-21,2025-09-09,
126,1633,2024-08-16,,2025-08-16
126,2018,2025-08-16,2024-08-16,2025-10-10
126,1081,2025-10-10,2025-08-16,
465,246,2024-10-22,,
1220,530,2024-06-13,,
455,1263,2024-05-05,,
1048,1061,2024-05-06,,2025-04-07
1048,1813,2025-04-07,2024-05-06,2025-05-16
1048,491,2025-05-16,2025-04-07,
12,313,2025-03-20,,2025-05-27
12,1281,2025-05-27,2025-03-20,2025-06-16
12,1508,2025-06-16,2025-05-27,
1290,1368,2025-08-15,,
1014,1324,2025-09-05,,2025-12-25
1014,1127,2025-12-25,2025-09-05,
18,156,2025-05-16,,
1486,353,2024-06-28,,
891,821,2025-06-22,,
387,1565,2024-03-27,,2025-09-05
387,119,2025-09-05,2024-03-27,2025-09-09
387,1948,2025-09-09,2025-09-05,
866,46,2025-02-05,,
379,874,2024-04-08,,2024-10-12
379,93,2024-10-12,2024-04-08,2025-06-22
379,351,2025-06-22,2024-10-12,
102,906,2024-04-01,,2024-08-22
102,450,2024-08-22,2024-04-01,
581,1419,2025-05-01,,2026-02-10
581,1550,2026-02-10,2025-05-01,
1051,582,2024-04-21,,
791,1190,2025-02-03,,2025-05-05
791,1937,2025-05-05,2025-02-03,
758,512,2026-01-17,,
415,127,2024-04-14,,2024-08-11
415,862,2024-08-11,2024-04-14,2025-09-06
415,468,2025-09-06,2024-08-11,2026-01-11
415,1694,2026-01-11,2025-09-06,
607,1043,2024-10-12,,2025-06-15
607,1913,2025-06-15,2024-10-12,
814,735,2024-11-28,,
1351,934,2024-03-27,,2025-02-27
1351,1270,2025-02-27,2024-03-27,2025-11-27
1351,1287,2025-11-27,2025-02-27,2025-12-28
1351,1376,2025-12-28,2025-11-27,
374,824,2024-11-27,,2025-01-22
374,1542,2025-01-22,2024-11-27,2026-02-22
374,848,2026-02-22,2025-01-22,
394,59,2025-03-17,,2025-08-21
394,1392,2025-08-21,2025-03-17,
547,984,2024-12-13,,
1386,1570,2026-01-16,,
1339,595,2024-12-14,,
1228,850,2025-07-04,,
899,1194,2024-05-15,,2025-06-29
899,1946,2025-06-29,2024-05-15,
579,1126,2025-03-28,,2025-10-27
579,1987,2025-10-27,2025-03-28,
1108,1537,2024-04-11,,2024-06-16
1108,330,2024-06-16,2024-04-11,2024-09-14
1108,436,2024-09-14,2024-06-16,2025-03-25
1108,437,2025-03-25,2024-09-14,
181,1730,2024-04-15,,2024-08-04
181,1705,2024-08-04,2024-04-15,2025-09-12
181,9,2025-09-12,2024-08-04,
683,1378,2024-10-23,,
734,1547,2025-01-20,,2025-12-14
734,560,2025-12-14,2025-01-20,
1404,1811,2024-08-01,,2025-05-02
1404,1039,2025-05-02,2024-08-01,2025-11-15
1404,1385,2025-11-15,2025-05-02,
836,1658,2024-04-03,,2024-05-20
836,1289,2024-05-20,2024-04-03,2025-04-04
836,1422,2025-04-04,2024-05-20,2025-12-16
836,1035,2025-12-16,2025-04-04,
1225,685,2024-07-17,,2025-01-06
1225,1490,2025-01-06,2024-07-17,2025-01-19
1225,8,2025-01-19,2025-01-06,2025-05-06
1225,35,2025-05-06,2025-01-19,2025-10-13
1225,85,2025-10-13,2025-05-06,2025-10-23
1225,248,2025-10-23,2025-10-13,
1269,1526,2025-08-08,,2025-10-08
1269,196,2025-10-08,2025-08-08,2026-02-07
1269,477,2026-02-07,2025-10-08,2026-03-02
1269,552,2026-03-02,2026-02-07,
1273,1555,2025-04-23,,
97,1516,2024-09-19,,2025-05-31
97,759,2025-05-31,2024-09-19,2026-01-18
97,36,2026-01-18,2025-05-31,
423,1415,2024-12-14,,2025-08-26
423,528,2025-08-26,2024-12-14,2025-11-04
423,217,2025-11-04,2025-08-26,
1057,87,2025-02-11,,2025-03-05
1057,1380,2025-03-05,2025-02-11,
1348,1952,2025-03-29,,
904,420,2024-12-28,,2025-01-12
904,993,2025-01-12,2024-12-28,
139,508,2024-09-09,,
1357,1013,2025-08-02,,
1457,1118,2025-05-09,,2025-10-10
1457,1567,2025-10-10,2025-05-09,
1218,1903,2025-12-13,,2026-02-26
1218,161,2026-02-26,2025-12-13,
1302,213,2025-06-15,,
291,1483,2024-06-29,,2024-10-18
291,180,2024-10-18,2024-06-29,2025-09-21
291,971,2025-09-21,2024-10-18,2026-02-08
291,1082,2026-02-08,2025-09-21,
1310,287,2024-03-31,,2025-07-29
1310,778,2025-07-29,2024-03-31,2026-03-22
1310,1810,2026-03-22,2025-07-29,
1221,422,2024-07-24,,
121,76,2024-04-27,,2024-11-18
121,655,2024-11-18,2024-04-27,2025-01-04
121,1631,2025-01-04,2024-11-18,
1246,1382,2024-11-11,,2025-02-05
1246,568,2025-02-05,2024-11-11,2025-11-28
1246,110,2025-11-28,2025-02-05,2026-01-13
1246,1589,2026-01-13,2025-11-28,
396,1834,2025-04-15,,
1142,240,2024-10-28,,2025-01-02
1142,1661,2025-01-02,2024-10-28,
537,653,2024-09-27,,2026-01-15
537,892,2026-01-15,2024-09-27,
986,1388,2025-01-22,,
525,1210,2025-07-16,,2025-11-03
525,1751,2025-11-03,2025-07-16,
1123,1790,2024-09-13,,
1329,1947,2024-10-22,,
17,1729,2024-12-06,,
688,899,2025-12-06,,
16,1224,2025-07-18,,
988,723,2024-07-25,,
246,1155,2025-05-28,,2026-03-24
246,524,2026-03-24,2025-05-28,
1069,315,2025-04-30,,
700,509,2024-05-28,,2025-12-12
700,81,2025-12-12,2024-05-28,
1319,1886,2024-05-15,,2024-07-30
1319,276,2024-07-30,2024-05-15,
490,1680,2024-08-09,,2024-08-15
490,2015,2024-08-15,2024-08-09,2024-10-13
490,42,2024-10-13,2024-08-15,2026-02-10
490,1452,2026-02-10,2024-10-13,
185,927,2025-04-20,,
886,1740,2024-04-04,,2024-06-19
886,1009,2024-06-19,2024-04-04,2025-03-29
886,377,2025-03-29,2024-06-19,2025-06-02
886,676,2025-06-02,2025-03-29,
482,31,2024-04-20,,2025-07-01
482,1459,2025-07-01,2024-04-20,2025-07-12
482,247,2025-07-12,2025-07-01,
970,1299,2024-07-15,,2024-10-06
970,1226,2024-10-06,2024-07-15,2025-08-26
970,1143,2025-08-26,2024-10-06,
1299,871,2024-04-14,,2024-05-20
1299,1961,2024-05-20,2024-04-14,2025-07-11
1299,405,2025-07-11,2024-05-20,
821,288,2024-06-13,,2024-11-11
821,750,2024-11-11,2024-06-13,2025-10-07
821,412,2025-10-07,2024-11-11,
42,494,2026-02-28,,
10,159,2026-01-23,,
47,282,2024-12-08,,
390,814,2024-06-15,,
981,698,2024-07-18,,2025-01-08
981,107,2025-01-08,2024-07-18,
471,120,2025-08-05,,
313,1994,2024-08-31,,2024-10-28
313,1125,2024-10-28,2024-08-31,2024-12-07
313,1320,2024-12-07,2024-10-28,2025-11-27
313,1851,2025-11-27,2024-12-07,
1003,1900,2025-11-28,,
29,797,2024-09-13,,2024-11-12
29,354,2024-11-12,2024-09-13,2025-11-04
29,1390,2025-11-04,2024-11-12,
773,796,2025-05-29,,
356,269,2026-01-15,,
1369,1580,2024-05-01,,2025-05-24
1369,864,2025-05-24,2024-05-01,2026-02-23
1369,1424,2026-02-23,2025-05-24,
1426,456,2024-09-15,,
824,1182,2026-02-15,,
529,1386,2025-03-08,,2025-09-09
529,1445,2025-09-09,2025-03-08,
190,1520,2024-05-11,,
342,1022,2024-07-14,,2025-02-19
342,1429,2025-02-19,2024-07-14,2025-08-12
342,590,2025-08-12,2025-02-19,2025-10-26
342,577,2025-10-26,2025-08-12,
1196,1152,2024-09-09,,
1488,917,2026-02-18,,2026-03-05
1488,841,2026-03-05,2026-02-18,
936,1057,2025-05-19,,
444,189,2024-04-03,,2024-11-15
444,202,2024-11-15,2024-04-03,
1112,1122,2024-11-24,,2025-12-20
1112,281,2025-12-20,2024-11-24,
794,757,2025-02-09,,
992,1975,2024-08-24,,2024-12-28
992,855,2024-12-28,2024-08-24,
1039,784,2024-08-21,,
647,158,2024-07-03,,2026-01-07
647,1283,2026-01-07,2024-07-03,
1356,947,2024-07-23,,2024-12-10
1356,1853,2024-12-10,2024-07-23,
815,1333,2025-03-27,,
994,847,2024-08-01,,
1295,547,2024-10-18,,2026-01-30
1295,1774,2026-01-30,2024-10-18,
360,258,2025-01-23,,2025-01-26
360,1716,2025-01-26,2025-01-23,
408,294,2025-04-01,,
1236,1075,2025-04-13,,
875,1313,2024-07-05,,2024-09-01
875,1679,2024-09-01,2024-07-05,2025-01-04
875,1701,2025-01-04,2024-09-01,2026-01-16
875,395,2026-01-16,2025-01-04,
617,1765,2024-05-19,,
248,15,2024-12-08,,2024-12-27
248,1713,2024-12-27,2024-12-08,2025-07-11
248,5,2025-07-11,2024-12-27,2025-08-16
248,421,2025-08-16,2025-07-11,
799,1819,2025-09-22,,
186,1983,2024-08-12,,2025-07-03
186,1684,2025-07-03,2024-08-12,
719,1552,2024-10-15,,
1086,128,2024-07-18,,
1180,1005,2024-03-27,,2025-06-16
1180,878,2025-06-16,2024-03-27,
370,1941,2024-05-21,,2024-08-10
370,415,2024-08-10,2024-05-21,2025-02-11
370,1135,2025-02-11,2024-08-10,2025-03-16
370,97,2025-03-16,2025-02-11,2025-04-23
370,195,2025-04-23,2025-03-16,
39,1077,2024-09-05,,
935,319,2025-09-25,,
1021,1742,2024-11-05,,
996,1427,2025-08-15,,
843,1759,2024-12-15,,2025-12-06
843,1353,2025-12-06,2024-12-15,
1347,981,2026-01-02,,
776,1303,2024-05-19,,2026-01-07
776,1707,2026-01-07,2024-05-19,
1198,1426,2025-04-03,,
23,1250,2024-10-07,,
310,406,2025-08-06,,2025-08-14
310,1166,2025-08-14,2025-08-06,
980,646,2025-01-21,,2025-10-12
980,1522,2025-10-12,2025-01-21,
823,1970,2024-11-01,,
1470,1326,2025-01-15,,
115,191,2024-08-18,,
1176,745,2025-09-09,,
352,201,2024-07-17,,2024-09-28
352,157,2024-09-28,2024-07-17,2025-04-11
352,1325,2025-04-11,2024-09-28,
104,2028,2024-05-31,,2025-06-02
104,1053,2025-06-02,2024-05-31,2025-09-12
104,1090,2025-09-12,2025-06-02,
107,877,2025-07-05,,2025-12-17
107,1750,2025-12-17,2025-07-05,
466,1104,2024-10-09,,2025-01-04
466,1248,2025-01-04,2024-10-09,
462,833,2025-12-29,,
438,483,2024-07-25,,2024-09-24
438,615,2024-09-24,2024-07-25,2024-11-29
438,1346,2024-11-29,2024-09-24,2025-09-29
438,1252,2025-09-29,2024-11-29,2025-10-20
438,1702,2025-10-20,2025-09-29,
223,1777,2025-01-14,,2025-08-14
223,39,2025-08-14,2025-01-14,
1328,1974,2024-06-06,,2025-09-12
1328,1451,2025-09-12,2024-06-06,2026-01-16
1328,849,2026-01-16,2025-09-12,
876,1374,2025-10-03,,
668,687,2024-08-19,,2025-10-05
668,839,2025-10-05,2024-08-19,2026-01-28
668,992,2026-01-28,2025-10-05,
1301,1203,2024-09-27,,
783,830,2025-07-20,,
1305,1920,2024-07-02,,
848,453,2025-01-02,,2025-09-29
848,1674,2025-09-29,2025-01-02,
793,886,2025-05-30,,2025-12-07
793,1015,2025-12-07,2025-05-30,
790,219,2025-03-17,,
286,86,2024-04-02,,2025-08-15
286,950,2025-08-15,2024-04-02,
620,459,2024-08-04,,
1107,1928,2024-04-13,,2025-01-23
1107,667,2025-01-23,2024-04-13,2025-10-21
1107,397,2025-10-21,2025-01-23,
316,445,2024-10-27,,2026-03-18
316,787,2026-03-18,2024-10-27,
1081,543,2025-10-21,,
404,885,2024-09-09,,
733,1545,2024-04-28,,
488,832,2025-02-23,,2025-06-22
488,733,2025-06-22,2025-02-23,2025-09-03
488,1735,2025-09-03,2025-06-22,2025-12-20
488,153,2025-12-20,2025-09-03,2026-02-07
488,791,2026-02-07,2025-12-20,
350,803,2025-07-23,,
365,1696,2024-03-29,,2024-05-04
365,1561,2024-05-04,2024-03-29,
367,960,2024-08-24,,2026-02-27
367,1130,2026-02-27,2024-08-24,2026-03-12
367,710,2026-03-12,2026-02-27,
15,352,2025-08-28,,
230,1358,2024-07-07,,
227,1563,2025-01-30,,
1205,1232,2024-07-06,,
561,226,2025-04-16,,
1425,678,2025-11-16,,
5,1405,2024-12-13,,2025-05-16
5,792,2025-05-16,2024-12-13,2025-12-19
5,546,2025-12-19,2025-05-16,
706,193,2024-04-20,,
528,137,2025-12-03,,
1338,505,2024-10-27,,
330,1625,2024-05-17,,2024-07-23
330,1664,2024-07-23,2024-05-17,2025-03-18
330,1016,2025-03-18,2024-07-23,2026-02-04
330,1763,2026-02-04,2025-03-18,
847,228,2025-01-24,,
928,711,2025-11-17,,
252,1725,2024-07-08,,2025-06-25
252,95,2025-06-25,2024-07-08,
1267,551,2025-07-16,,
278,1685,2025-04-21,,
662,485,2025-12-14,,
61,212,2024-10-10,,
100,689,2025-08-31,,2025-10-07
100,27,2025-10-07,2025-08-31,
1151,1207,2025-07-09,,
858,1384,2024-05-03,,2025-01-26
858,633,2025-01-26,2024-05-03,2025-10-01
858,1607,2025-10-01,2025-01-26,
726,1641,2025-11-02,,
1312,576,2025-03-16,,
292,1509,2024-12-16,,
1284,1337,2025-06-26,,2025-08-06
1284,596,2025-08-06,2025-06-26,
959,1425,2024-09-19,,2024-10-17
959,882,2024-10-17,2024-09-19,2025-05-08
959,827,2025-05-08,2024-10-17,2025-05-27
959,994,2025-05-27,2025-05-08,
626,500,2026-03-02,,
1239,1668,2024-12-29,,
1206,939,2025-10-11,,
501,1308,2026-01-05,,
37,347,2026-02-08,,
750,404,2024-05-02,,2024-07-02
750,1234,2024-07-02,2024-05-02,2024-08-20
750,50,2024-08-20,2024-07-02,
759,277,2024-12-17,,2025-03-27
759,603,2025-03-27,2024-12-17,
297,1747,2025-03-20,,2025-05-27
297,1359,2025-05-27,2025-03-20,
1091,1144,2024-06-22,,2025-01-27
1091,1199,2025-01-27,2024-06-22,2025-12-14
1091,47,2025-12-14,2025-01-27,
546,1569,2025-04-09,,
930,1260,2024-07-15,,
1378,650,2024-04-20,,2024-11-07
1378,1396,2024-11-07,2024-04-20,
225,1993,2025-01-27,,2025-08-14
225,1783,2025-08-14,2025-01-27,
388,1347,2024-10-15,,
577,1407,2025-05-29,,
1146,1556,2024-05-18,,2025-08-29
1146,393,2025-08-29,2024-05-18,
158,1080,2025-12-21,,
1424,1539,2024-11-08,,
1034,1136,2025-06-25,,
1040,2002,2024-06-26,,2024-08-28
1040,389,2024-08-28,2024-06-26,2024-12-26
1040,1275,2024-12-26,2024-08-28,2025-12-02
1040,138,2025-12-02,2024-12-26,
1465,1156,2026-02-09,,
319,2017,2024-12-28,,2025-06-21
319,1726,2025-06-21,2024-12-28,
612,1656,2024-04-16,,2024-07-12
612,1412,2024-07-12,2024-04-16,2025-08-19
612,1966,2025-08-19,2024-07-12,2025-10-06
612,863,2025-10-06,2025-08-19,
882,1072,2024-12-05,,
188,1052,2024-10-21,,
273,609,2024-05-19,,2024-12-21
273,1510,2024-12-21,2024-05-19,
1380,1766,2024-12-31,,
1321,752,2025-07-07,,
69,978,2024-12-11,,2024-12-13
69,14,2024-12-13,2024-12-11,
82,1268,2024-04-19,,
300,964,2025-02-05,,
402,753,2026-01-26,,
250,83,2024-05-14,,2025-05-29
250,1285,2025-05-29,2024-05-14,2025-12-06
250,1279,2025-12-06,2025-05-29,
572,748,2026-01-11,,2026-02-16
572,525,2026-02-16,2026-01-11,
434,705,2025-05-14,,2025-12-25
434,562,2025-12-25,2025-05-14,
161,182,2024-07-12,,2024-11-16
161,626,2024-11-16,2024-07-12,2025-04-08
161,569,2025-04-08,2024-11-16,2026-02-18
161,699,2026-02-18,2025-04-08,
41,1760,2024-08-20,,
559,1922,2025-09-03,,2026-01-26
559,155,2026-01-26,2025-09-03,2026-02-01
559,914,2026-02-01,2026-01-26,
1462,369,2025-09-07,,2025-12-24
1462,1869,2025-12-24,2025-09-07,
1182,6,2024-06-28,,2024-12-18
1182,339,2024-12-18,2024-06-28,2025-04-07
1182,25,2025-04-07,2024-12-18,
729,945,2024-07-10,,2024-10-13
729,786,2024-10-13,2024-07-10,2024-11-30
729,1157,2024-11-30,2024-10-13,2026-03-23
729,738,2026-03-23,2024-11-30,
298,1124,2024-04-30,,
654,1007,2024-05-30,,2025-12-15
654,1038,2025-12-15,2024-05-30,
1376,1736,2025-02-12,,
1041,1048,2024-11-17,,
666,697,2024-06-12,,2024-12-12
666,1506,2024-12-12,2024-06-12,2025-06-30
666,472,2025-06-30,2024-12-12,
112,1671,2024-07-01,,2025-09-11
112,953,2025-09-11,2024-07-01,
1222,115,2024-05-02,,2025-04-15
1222,2004,2025-04-15,2024-05-02,2025-04-16
1222,799,2025-04-16,2025-04-15,
355,1583,2024-04-30,,2025-03-25
355,1473,2025-03-25,2024-04-30,
66,564,2024-05-16,,
865,843,2025-03-12,,2025-05-10
865,1801,2025-05-10,2025-03-12,
132,216,2024-06-17,,
127,290,2024-05-06,,2024-08-17
127,853,2024-08-17,2024-05-06,2025-08-13
127,242,2025-08-13,2024-08-17,2025-10-05
127,989,2025-10-05,2025-08-13,
777,728,2025-01-07,,
1354,503,2024-07-27,,2026-02-18
1354,1915,2026-02-18,2024-07-27,
998,442,2024-05-17,,
1331,800,2024-07-20,,2025-05-13
1331,1233,2025-05-13,2024-07-20,
233,632,2024-06-19,,2024-07-12
233,1650,2024-07-12,2024-06-19,2025-08-14
233,1286,2025-08-14,2024-07-12,
599,2025,2025-05-04,,
311,1693,2025-09-03,,
868,516,2024-10-07,,2025-11-27
868,1121,2025-11-27,2024-10-07,
159,478,2025-12-17,,
4,431,2025-05-08,,2025-12-10
4,990,2025-12-10,2025-05-08,
32,301,2024-06-03,,2024-12-31
32,883,2024-12-31,2024-06-03,2025-10-23
32,1276,2025-10-23,2024-12-31,
984,1010,2025-10-14,,
275,1329,2025-01-31,,2026-02-09
275,234,2026-02-09,2025-01-31,
747,40,2025-05-27,,2025-10-12
747,1877,2025-10-12,2025-05-27,2025-10-22
747,610,2025-10-22,2025-10-12,
451,1164,2025-12-17,,
318,4,2024-07-05,,2024-07-05
318,842,2024-07-05,2024-07-05,2025-06-13
318,1860,2025-06-13,2024-07-05,
200,1245,2024-12-31,,2025-02-17
200,1518,2025-02-17,2024-12-31,
663,1930,2025-02-11,,2025-04-16
663,991,2025-04-16,2025-02-11,
307,607,2024-06-25,,2026-03-02
307,1174,2026-03-02,2024-06-25,
216,1615,2026-03-03,,
68,911,2025-03-11,,2025-08-04
68,1754,2025-08-04,2025-03-11,
897,1377,2025-05-28,,
1372,207,2024-07-17,,2024-12-14
1372,679,2024-12-14,2024-07-17,2025-08-07
1372,897,2025-08-07,2024-12-14,2026-03-15
1372,206,2026-03-15,2025-08-07,
1458,1108,2024-09-27,,2024-12-08
1458,414,2024-12-08,2024-09-27,
762,357,2024-07-06,,
1343,205,2024-05-01,,2025-07-30
1343,1486,2025-07-30,2024-05-01,
698,663,2024-08-21,,2025-02-14
698,1131,2025-02-14,2024-08-21,
1303,1018,2025-01-19,,
1166,1964,2025-05-20,,
1473,1551,2025-02-03,,2025-10-13
1473,788,2025-10-13,2025-02-03,
94,82,2024-04-26,,2025-07-17
94,591,2025-07-17,2024-04-26,2025-08-13
94,1874,2025-08-13,2025-07-17,2025-11-17
94,772,2025-11-17,2025-08-13,
1461,957,2025-06-03,,
873,1808,2026-02-22,,
1365,1363,2024-07-25,,2025-07-16
1365,484,2025-07-16,2024-07-25,
541,1288,2026-03-18,,
116,681,2025-12-03,,
1268,1304,2024-06-15,,2024-12-27
1268,291,2024-12-27,2024-06-15,
155,1786,2025-09-24,,2025-10-19
155,470,2025-10-19,2025-09-24,2025-11-14
155,1257,2025-11-14,2025-10-19,
271,825,2024-06-03,,2025-05-01
271,1201,2025-05-01,2024-06-03,2025-10-17
271,1165,2025-10-17,2025-05-01,
1323,2034,2024-07-22,,
1024,1274,2025-04-12,,
1170,1686,2024-12-20,,
1248,1916,2024-05-02,,2024-06-24
1248,1100,2024-06-24,2024-05-02,
1062,1627,2024-07-10,,
1466,1991,2024-06-22,,2025-01-16
1466,896,2025-01-16,2024-06-22,2025-10-28
1466,1500,2025-10-28,2025-01-16,
833,1145,2025-05-18,,
287,1917,2025-03-20,,2025-06-20
287,656,2025-06-20,2025-03-20,2025-08-27
287,1161,2025-08-27,2025-06-20,
883,1170,2024-09-15,,
1059,11,2024-03-30,,2025-05-21
1059,1588,2025-05-21,2024-03-30,
457,1977,2024-06-28,,2025-06-19
457,1123,2025-06-19,2024-06-28,2025-11-11
457,322,2025-11-11,2025-06-19,
1149,963,2025-06-04,,
690,2031,2025-03-27,,2025-05-25
690,1089,2025-05-25,2025-03-27,2025-07-11
690,765,2025-07-11,2025-05-25,
378,1553,2025-04-17,,
674,535,2024-06-26,,2024-07-01
674,910,2024-07-01,2024-06-26,2026-02-02
674,452,2026-02-02,2024-07-01,
76,977,2024-06-08,,2024-12-14
76,1558,2024-12-14,2024-06-08,2025-01-05
76,147,2025-01-05,2024-12-14,2025-09-04
76,1087,2025-09-04,2025-01-05,
450,476,2025-03-10,,2025-07-16
450,579,2025-07-16,2025-03-10,2025-09-23
450,1187,2025-09-23,2025-07-16,
713,1845,2024-05-07,,2025-06-07
713,625,2025-06-07,2024-05-07,2025-07-05
713,1037,2025-07-05,2025-06-07,2025-09-01
713,903,2025-09-01,2025-07-05,
555,793,2025-03-05,,
325,654,2025-01-03,,
695,1879,2025-05-10,,2025-05-30
695,223,2025-05-30,2025-05-10,2025-08-03
695,920,2025-08-03,2025-05-30,2026-01-24
695,1985,2026-01-24,2025-08-03,
477,1310,2025-11-27,,2026-03-04
477,117,2026-03-04,2025-11-27,
1122,53,2024-04-30,,2025-03-27
1122,480,2025-03-27,2024-04-30,
909,931,2024-09-29,,
1349,113,2025-05-24,,2026-01-13
1349,454,2026-01-13,2025-05-24,
672,996,2024-04-04,,2025-03-13
672,1091,2025-03-13,2024-04-04,
405,688,2025-11-25,,
265,1398,2025-03-26,,
1366,1433,2025-01-04,,2025-01-19
1366,1003,2025-01-19,2025-01-04,
1117,225,2025-03-17,,
1234,7,2025-06-08,,2025-09-02
1234,540,2025-09-02,2025-06-08,
889,1535,2024-03-27,,
134,1619,2024-11-18,,2024-12-02
134,142,2024-12-02,2024-11-18,2025-05-13
134,1598,2025-05-13,2024-12-02,
1140,937,2025-09-23,,2025-10-05
1140,103,2025-10-05,2025-09-23,2025-10-11
1140,1051,2025-10-11,2025-10-05,
351,345,2025-04-05,,2025-11-11
351,729,2025-11-11,2025-04-05,
874,1848,2024-05-09,,
176,1074,2025-07-28,,
1327,617,2025-09-05,,
1128,606,2024-05-25,,2025-06-11
1128,1768,2025-06-11,2024-05-25,2025-12-23
1128,1237,2025-12-23,2025-06-11,2026-03-13
1128,1616,2026-03-13,2025-12-23,
544,1642,2025-12-19,,
692,942,2024-04-21,,2025-09-23
692,1305,2025-09-23,2024-04-21,
284,100,2024-04-18,,2025-02-12
284,1017,2025-02-12,2024-04-18,2025-10-14
284,808,2025-10-14,2025-02-12,
283,1782,2024-11-12,,
721,1092,2025-06-03,,
1230,402,2025-09-01,,
913,1741,2024-12-07,,2025-04-02
913,283,2025-04-02,2024-12-07,
414,84,2025-05-29,,
971,2027,2025-01-04,,2025-07-09
971,1800,2025-07-09,2025-01-04,
30,37,2024-04-11,,
740,968,2024-12-28,,2026-01-16
740,1816,2026-01-16,2024-12-28,
1463,209,2025-03-14,,2025-06-18
1463,889,2025-06-18,2025-03-14,2026-02-08
1463,1780,2026-02-08,2025-06-18,
441,1602,2024-06-15,,2024-08-10
441,1652,2024-08-10,2024-06-15,2026-02-09
441,671,2026-02-09,2024-08-10,
1350,1909,2024-05-14,,2024-07-07
1350,111,2024-07-07,2024-05-14,2025-07-05
1350,1292,2025-07-05,2024-07-07,2026-01-27
1350,1958,2026-01-27,2025-07-05,
564,1626,2026-02-08,,
732,1489,2025-06-24,,
527,1175,2024-06-29,,2025-04-02
527,574,2025-04-02,2024-06-29,
811,701,2024-09-26,,2025-01-30
811,1862,2025-01-30,2024-09-26,2025-07-03
811,1323,2025-07-03,2025-01-30,
173,338,2024-05-07,,
968,1000,2025-07-05,,
1410,744,2025-03-18,,
480,1008,2024-07-18,,2025-12-05
480,1282,2025-12-05,2024-07-18,
1016,367,2024-11-12,,
1168,75,2025-06-04,,
1018,766,2024-10-13,,2025-10-30
1018,1672,2025-10-30,2024-10-13,
1011,1141,2024-07-07,,2025-11-03
1011,1989,2025-11-03,2024-07-07,2025-12-03
1011,907,2025-12-03,2025-11-03,
1377,621,2025-03-14,,2025-08-12
1377,1976,2025-08-12,2025-03-14,2026-01-01
1377,1238,2026-01-01,2025-08-12,
552,1698,2024-03-30,,2025-02-03
552,742,2025-02-03,2024-03-30,2025-03-08
552,1262,2025-03-08,2025-02-03,2025-10-19
552,640,2025-10-19,2025-03-08,
1422,785,2024-11-05,,
1430,1148,2024-04-25,,2024-11-20
1430,1413,2024-11-20,2024-04-25,2026-02-25
1430,293,2026-02-25,2024-11-20,
1438,1603,2024-04-02,,
916,1804,2025-03-28,,
635,178,2025-08-19,,
520,1462,2025-03-27,,2025-06-07
520,1812,2025-06-07,2025-03-27,
113,1697,2024-04-24,,2025-01-08
113,916,2025-01-08,2024-04-24,2025-11-08
113,1096,2025-11-08,2025-01-08,
510,618,2025-02-09,,
614,1898,2024-11-04,,
854,1778,2024-12-31,,2025-01-31
854,1079,2025-01-31,2024-12-31,2025-12-26
854,1133,2025-12-26,2025-01-31,2026-03-11
854,447,2026-03-11,2025-12-26,
618,371,2025-02-03,,2025-06-10
618,1667,2025-06-10,2025-02-03,2026-03-15
618,908,2026-03-15,2025-06-10,
787,1663,2025-03-19,,
7,638,2025-01-10,,
1391,881,2025-06-26,,
796,1981,2024-06-07,,
323,1822,2024-05-19,,2024-12-13
323,1088,2024-12-13,2024-05-19,2025-02-13
323,1471,2025-02-13,2024-12-13,
641,1734,2026-01-23,,
412,1031,2024-04-17,,2025-12-06
412,355,2025-12-06,2024-04-17,
268,956,2024-08-21,,
766,1467,2024-03-31,,2025-04-21
766,2000,2025-04-21,2024-03-31,
31,1884,2025-01-06,,
805,976,2024-08-14,,2025-07-25
805,336,2025-07-25,2024-08-14,2025-11-26
805,895,2025-11-26,2025-07-25,2026-02-13
805,1814,2026-02-13,2025-11-26,
74,151,2025-12-15,,
336,938,2024-07-25,,2024-09-27
336,1191,2024-09-27,2024-07-25,2024-12-28
336,1197,2024-12-28,2024-09-27,2025-04-13
336,780,2025-04-13,2024-12-28,2025-09-29
336,1494,2025-09-29,2025-04-13,2025-11-30
336,1538,2025-11-30,2025-09-29,
1384,1023,2024-12-30,,
221,1609,2025-07-28,,
1089,696,2024-06-09,,2024-12-21
1089,1623,2024-12-21,2024-06-09,
993,673,2026-03-12,,
241,262,2024-05-08,,2025-01-05
241,614,2025-01-05,2024-05-08,
73,227,2025-03-08,,2025-06-15
73,684,2025-06-15,2025-03-08,
1064,1512,2024-09-02,,
1322,331,2024-09-24,,
101,129,2024-08-28,,2025-10-19
101,1758,2025-10-19,2024-08-28,
456,1527,2024-06-04,,2024-10-07
456,108,2024-10-07,2024-06-04,2025-01-18
456,820,2025-01-18,2024-10-07,2025-02-10
456,686,2025-02-10,2025-01-18,
907,1540,2025-07-23,,
1317,1681,2025-07-02,,
605,970,2025-01-10,,2025-04-14
605,1470,2025-04-14,2025-01-10,2025-11-28
605,657,2025-11-28,2025-04-14,
613,1868,2024-12-24,,2025-02-27
613,233,2025-02-27,2024-12-24,
171,1767,2024-07-14,,
1002,1932,2025-02-15,,2025-06-09
1002,1340,2025-06-09,2025-02-15,
289,1431,2024-09-29,,2025-12-10
289,68,2025-12-10,2024-09-29,2026-03-24
289,1895,2026-03-24,2025-12-10,
657,909,2024-05-09,,2024-11-24
657,1066,2024-11-24,2024-05-09,2025-01-28
657,1178,2025-01-28,2024-11-24,2025-03-25
657,1885,2025-03-25,2025-01-28,2025-08-19
657,1690,2025-08-19,2025-03-25,2025-12-26
657,1,2025-12-26,2025-08-19,
128,1575,2024-09-24,,2025-03-08
128,1366,2025-03-08,2024-09-24,
152,1409,2025-04-17,,
900,1618,2024-04-25,,
1325,492,2024-06-16,,2024-07-05
1325,423,2024-07-05,2024-06-16,2026-01-18
1325,974,2026-01-18,2024-07-05,
1138,235,2025-11-04,,
93,1020,2024-11-28,,2024-12-18
93,1525,2024-12-18,2024-11-28,
1460,604,2024-11-27,,
1454,898,2024-09-14,,
34,1655,2025-12-03,,
1482,559,2025-07-16,,
736,1094,2025-12-25,,
22,1908,2024-11-29,,
540,1241,2025-10-05,,
855,630,2024-04-28,,2025-12-03
855,1297,2025-12-03,2024-04-28,
449,967,2025-12-26,,2026-03-20
449,1857,2026-03-20,2025-12-26,
694,121,2025-05-16,,
812,21,2025-09-27,,
701,887,2025-09-08,,
1050,923,2025-11-30,,
872,380,2024-06-01,,2025-02-16
872,798,2025-02-16,2024-06-01,2025-07-17
872,365,2025-07-17,2025-02-16,
1409,741,2024-10-21,,2025-12-24
1409,1614,2025-12-24,2024-10-21,
686,570,2024-05-23,,2025-06-22
686,558,2025-06-22,2024-05-23,2025-07-28
686,578,2025-07-28,2025-06-22,
71,1581,2024-10-15,,2025-04-27
71,185,2025-04-27,2024-10-15,
784,563,2024-10-22,,2026-01-12
784,600,2026-01-12,2024-10-22,
639,1078,2025-12-18,,2026-03-03
639,1521,2026-03-03,2025-12-18,
1453,1183,2025-02-18,,2026-02-14
1453,661,2026-02-14,2025-02-18,
65,167,2024-07-04,,
108,1269,2025-10-03,,
949,1662,2024-10-03,,2025-10-27
949,872,2025-10-27,2024-10-03,
508,1400,2024-08-15,,
707,553,2024-04-23,,
969,132,2025-02-22,,
1022,940,2024-12-03,,2025-04-03
1022,774,2025-04-03,2024-12-03,2025-04-22
1022,1028,2025-04-22,2025-04-03,
586,1514,2024-09-24,,
1266,359,2024-06-21,,
1452,418,2024-05-08,,2025-03-01
1452,1083,2025-03-01,2024-05-08,
1283,649,2024-06-11,,
1407,325,2025-01-27,,2025-06-29
1407,1294,2025-06-29,2025-01-27,
800,1171,2025-03-30,,
433,1601,2024-10-10,,
1265,762,2024-12-26,,2025-08-18
1265,1417,2025-08-18,2024-12-26,2025-10-05
1265,1824,2025-10-05,2025-08-18,2026-02-25
1265,1955,2026-02-25,2025-10-05,
660,487,2024-06-21,,2024-09-10
660,360,2024-09-10,2024-06-21,2024-11-28
660,805,2024-11-28,2024-09-10,
1187,1942,2024-10-23,,2024-11-17
1187,521,2024-11-17,2024-10-23,2025-04-17
1187,1617,2025-04-17,2024-11-17,
1099,620,2025-02-11,,2026-03-04
1099,267,2026-03-04,2025-02-11,
375,163,2024-07-10,,2025-07-30
375,629,2025-07-30,2024-07-10,
987,1064,2025-12-19,,
1353,1209,2024-07-25,,2025-02-23
1353,312,2025-02-23,2024-07-25,
1469,718,2024-09-19,,2025-04-27
1469,737,2025-04-27,2024-09-19,
1254,1995,2025-03-10,,
1006,321,2024-04-27,,2024-09-21
1006,1434,2024-09-21,2024-04-27,2025-04-26
1006,1883,2025-04-26,2024-09-21,2025-07-01
1006,451,2025-07-01,2025-04-26,
294,1169,2025-01-06,,
770,340,2025-01-07,,2025-05-31
770,545,2025-05-31,2025-01-07,2025-07-14
770,905,2025-07-14,2025-05-31,
598,1640,2024-12-02,,2026-02-28
598,481,2026-02-28,2024-12-02,
129,1142,2024-04-27,,2025-03-17
129,2016,2025-03-17,2024-04-27,
277,1968,2024-08-17,,
862,1487,2025-04-17,,2025-06-25
862,1931,2025-06-25,2025-04-17,2025-07-18
862,302,2025-07-18,2025-06-25,2025-10-12
862,1770,2025-10-12,2025-07-18,
1124,1899,2024-04-26,,2025-06-06
1124,74,2025-06-06,2024-04-26,2025-08-19
1124,249,2025-08-19,2025-06-06,
369,1314,2024-06-13,,2025-11-29
369,56,2025-11-29,2024-06-13,
1152,1643,2024-06-07,,2024-09-03
1152,1923,2024-09-03,2024-06-07,
550,1177,2024-06-06,,2024-10-05
550,1296,2024-10-05,2024-06-06,
458,358,2024-12-25,,
1435,651,2026-02-20,,
705,309,2024-11-17,,2025-07-23
705,1606,2025-07-23,2024-11-17,
51,1864,2024-06-27,,2024-09-21
51,208,2024-09-21,2024-06-27,
745,1120,2025-02-14,,
1157,1381,2025-09-16,,
52,274,2024-12-26,,2025-04-21
52,1348,2025-04-21,2024-12-26,
685,605,2024-12-20,,2025-06-14
685,1448,2025-06-14,2024-12-20,
687,573,2025-07-23,,
1427,859,2025-01-07,,
754,320,2024-09-14,,
410,708,2025-05-20,,
718,715,2024-11-16,,2025-01-13
718,1573,2025-01-13,2024-11-16,
20,761,2025-05-20,,
151,1466,2024-12-29,,2025-03-10
151,96,2025-03-10,2024-12-29,
478,372,2025-05-01,,
1101,1653,2025-07-13,,
49,510,2025-06-06,,2025-09-24
49,1878,2025-09-24,2025-06-06,
91,126,2024-12-09,,2025-04-19
91,837,2025-04-19,2024-12-09,2025-05-09
91,682,2025-05-09,2025-04-19,
472,773,2024-11-13,,2024-12-15
472,2005,2024-12-15,2024-11-13,2025-10-09
472,1789,2025-10-09,2024-12-15,2026-01-23
472,200,2026-01-23,2025-10-09,
1235,300,2025-12-21,,
1464,2010,2024-09-09,,2025-05-30
1464,1172,2025-05-30,2024-09-09,2025-09-14
1464,176,2025-09-14,2025-05-30,2025-11-08
1464,1762,2025-11-08,2025-09-14,
946,490,2025-04-07,,2025-04-26
946,2019,2025-04-26,2025-04-07,2025-11-04
946,69,2025-11-04,2025-04-26,
509,1071,2024-04-10,,2025-05-10
509,446,2025-05-10,2024-04-10,2026-02-13
509,1239,2026-02-13,2025-05-10,
829,1611,2024-04-03,,2024-07-14
829,1272,2024-07-14,2024-04-03,2024-11-29
829,1330,2024-11-29,2024-07-14,
1049,809,2024-08-28,,2024-12-08
1049,1073,2024-12-08,2024-08-28,
1224,743,2024-07-23,,2024-11-21
1224,65,2024-11-21,2024-07-23,
934,1717,2025-05-26,,2026-02-23
934,1341,2026-02-23,2025-05-26,
861,148,2025-12-19,,2026-03-03
861,1480,2026-03-03,2025-12-19,
140,2003,2024-08-13,,2024-09-19
140,1505,2024-09-19,2024-08-13,2025-12-29
140,693,2025-12-29,2024-09-19,
382,1499,2024-09-03,,2024-11-11
382,1070,2024-11-11,2024-09-03,2024-12-12
382,1267,2024-12-12,2024-11-11,2025-04-21
382,619,2025-04-21,2024-12-12,2025-06-04
382,1832,2025-06-04,2025-04-21,
1243,613,2025-09-02,,
1233,425,2025-04-15,,
1226,141,2025-12-10,,
1164,285,2024-09-22,,2025-07-06
1164,1971,2025-07-06,2024-09-22,
1169,1387,2025-01-02,,2025-07-09
1169,366,2025-07-09,2025-01-02,
1095,1925,2024-10-03,,
496,403,2024-03-29,,2024-04-24
496,692,2024-04-24,2024-03-29,2024-06-20
496,1621,2024-06-20,2024-04-24,2025-12-25
496,1794,2025-12-25,2024-06-20,
153,1787,2024-07-06,,
124,918,2025-01-21,,
553,1375,2024-07-21,,2025-04-30
553,747,2025-04-30,2024-07-21,
1194,1068,2026-03-03,,
459,1477,2025-06-04,,2025-07-20
459,1534,2025-07-20,2025-06-04,
187,1302,2024-06-06,,2025-10-07
187,387,2025-10-07,2024-06-06,
1242,1465,2024-09-30,,
125,1369,2024-05-04,,2024-12-30
125,1093,2024-12-30,2024-05-04,2025-07-29
125,561,2025-07-29,2024-12-30,
881,783,2024-09-23,,
1442,1258,2024-11-06,,2025-08-22
1442,1805,2025-08-22,2024-11-06,2025-10-11
1442,983,2025-10-11,2025-08-22,
1393,94,2025-12-06,,
1389,1798,2024-12-16,,
1360,1249,2024-07-20,,2025-04-17
1360,1147,2025-04-17,2024-07-20,
896,1564,2024-10-23,,2026-01-04
896,1604,2026-01-04,2024-10-23,
260,513,2024-12-19,,2026-03-02
260,263,2026-03-02,2024-12-19,
642,160,2024-12-03,,
801,731,2024-08-27,,
761,435,2025-09-06,,
193,1476,2026-02-20,,2026-03-24
193,211,2026-03-24,2026-02-20,
942,1910,2026-02-04,,
948,1647,2024-11-17,,2025-03-07
948,542,2025-03-07,2024-11-17,2025-05-03
948,1718,2025-05-03,2025-03-07,2026-01-14
948,1912,2026-01-14,2025-05-03,
1004,254,2024-07-24,,2025-08-18
1004,1992,2025-08-18,2024-07-24,2025-09-01
1004,1349,2025-09-01,2025-08-18,
1130,930,2024-11-21,,
448,222,2025-02-26,,2025-12-26
448,1926,2025-12-26,2025-02-26,
802,1256,2024-09-11,,
1245,210,2025-07-28,,2025-09-10
1245,317,2025-09-10,2025-07-28,
314,1839,2025-06-26,,
764,116,2024-09-06,,2024-11-09
764,644,2024-11-09,2024-09-06,
717,575,2024-06-06,,2024-06-30
717,1807,2024-06-30,2024-06-06,2025-03-10
717,1099,2025-03-10,2024-06-30,2025-09-16
717,819,2025-09-16,2025-03-10,2025-10-22
717,346,2025-10-22,2025-09-16,
1080,1316,2024-11-09,,2024-12-26
1080,1501,2024-12-26,2024-11-09,2025-11-10
1080,944,2025-11-10,2024-12-26,
302,1021,2025-08-18,,
1181,337,2024-05-29,,2024-07-07
1181,652,2024-07-07,2024-05-29,2024-08-21
1181,123,2024-08-21,2024-07-07,2025-08-21
1181,18,2025-08-21,2024-08-21,
354,1904,2025-04-05,,
